"","V1","V2","V3","V4"
"(Intercept)",13.7865457548267,6.95947720707122,-29.9756722294168,9.22964926751889
"(Intercept)",0,0,0,0
"RaceWhite",-0.273681609512812,-0.190759611849135,0.196924432380491,0.267516788981455
"Age",-0.182778131069106,0.0345296272759709,0.244304226441099,-0.096055722647964
"SexMale",-0.0787547204160144,-0.51635467561776,-1.5838045655373,2.17891396157107
"BMI",-0.116310309712504,-0.242755176306819,0.444730964371681,-0.0856654783523587
"Weight_StatusNormal Weight",-9.65816529669467,0.908453689758541,20.0113746806155,-11.2616630736794
"Weight_StatusOverweight",-6.73197175490984,3.16133913590297,18.9211926751416,-15.3505600561347
"Weight_StatusObese",-9.86817341655277,5.33587818888396,16.8182607294819,-12.2859655018131
"Weight_StatusSevere Obesity",31.4750887494373,40.781904494431,-94.1934234280886,21.9364301842203
"Weight_StatusMorbid Obesity",-1.86765437632099,11.2976954149289,18.8633102697252,-28.2933513083331
"Weight_StatusSuper Obese",17.6909647727796,-45.4364964319862,65.9328297235849,-38.1872980643782
"denovo138",0,0,0,0
"denovo371",0,0,0,0
"denovo419",0,0,0,0
"denovo696",0,0,0,0
"denovo811",0,0,0,0
"denovo1213",0,0,0,0
"denovo1263",0,0,0,0
"denovo1467",0,0,0,0
"denovo2177",0,0,0,0
"denovo2570",0,0,0,0
"denovo3139",0,0,0,0
"denovo3200",0,0,0,0
"denovo3226",0,0,0,0
"denovo3381",0,0,0,0
"denovo4371",0,0,0,0
"denovo4487",0,0,0,0
"denovo4521",0,0,0,0
"denovo4932",0,0,0,0
"denovo5251",0,0,0,0
"denovo5519",0,0,0,0
"denovo6853",0,0,0,0
"denovo7027",0,0,0,0
"denovo7272",0,0,0,0
"denovo7664",0,0,0,0
"denovo7738",0,0,0,0
"denovo8137",0,0,0,0
"denovo8380",0,0,0.0276610912770288,0
"denovo8509",0,0,0,0
"denovo8551",0,0,0,0
"denovo8634",0.276136717751596,0,0,0
"denovo8924",0,0,0,0
"denovo8988",0,0,0,0
"denovo10006",0,0,0,0
"denovo11148",0,0,0,0
"denovo11541",0,0,0,0
"denovo11589",0,0,0,0
"denovo11877",0,0,0,0
"denovo11892",0,0,0,0
"denovo11955",0,0,0,0
"denovo12231",0,0,0,0
"denovo12654",0,0,0,0
"denovo12806",0,0,0,0
"denovo12863",0,0,0,0
"denovo12873",0,0,0,0
"denovo12999",0,0,0,0
"denovo13064",0,0,0,0
"denovo13288",0,0,0,0
"denovo14164",0,0,0,0
"denovo14382",0,0,0,0
"denovo14409",0,0,0,0
"denovo14433",0,0,0,0
"denovo14921",0,0,0,0
"denovo15217",0,0,0,0
"denovo15306",0,0,0,0
"denovo15694",0,0,0,0
"denovo15742",0,0,0,0
"denovo15931",0,0,0,0
"denovo15947",0,0,0,0
"denovo16313",0,0,0,0
"denovo16354",0,0,0,0
"denovo16704",0,0,0,0
"denovo16774",0,0,0,0
"denovo16974",0,0,0,0
"denovo17668",0,0,0,0
"denovo17713",0,0,0,0
"denovo17837",0,0,0,0
"denovo17839",0,0,0,0
"denovo17874",0,0,0,0
"denovo17919",0,0,0,0
"denovo18011",0,0,0,0
"denovo18458",0,0,0,0
"denovo18811",0,0,0,0
"denovo19058",0,0,0,0
"denovo19178",0,0,0,0
"denovo19605",0,0,0,0
"denovo20275",0,0,0,0
"denovo20391",0,0,0,0
"denovo20399",0,0,0,0
"denovo20682",0,0,0,0
"denovo20749",0,0,0,0
"denovo21005",0,0,0,0
"denovo21535",0,0,0,0
"denovo22087",0,0,0,0
"denovo22620",0,0,0,0
"denovo23095",0,0,0,0
"denovo23110",0,0,0,0
"denovo23200",0,0,0,0
"denovo23343",0,0,0,0
"denovo23512",0,0,0,0
"denovo23998",0,0,0,0
"denovo24858",0,0,0,0
"denovo25292",0,0,0,0
"denovo25313",0,0,0,0
"denovo25652",0,0,0,0
"denovo25817",0,0,0,0
"denovo25858",0,0,0,0
"denovo26658",0,0,0,0
"denovo26668",0,0,0,0
"denovo26789",0,0,0,0
"denovo26808",0,0,0,0
"denovo26819",0,0,0,0
"denovo27233",0,0,0,0
"denovo27315",0,0,0,0
"denovo27464",0,0,0,0
"denovo27672",0,0,0,0
"denovo27689",0,0,0,0
"denovo27805",0,0,0,0
"denovo27906",0,0,0,0
"denovo28180",0,0,0,0
"denovo28430",0,0.00209707655726852,0,0
"denovo28461",0,0,0,0
"denovo28571",0,0,0,0
"denovo28700",0,0,0,0
"denovo29393",0,0,0,0
"denovo29820",0,0,0,0
"denovo29894",0,0,0,0
"denovo30156",0,0,0,0
"denovo30191",0,0,0,0
"denovo30802",0,0,0,0
"denovo30818",0,0,0,0
"denovo31096",0,0,0,0
"denovo31330",0,0,0,0
"denovo31378",0,0,0,0
"denovo31469",0,0,0,0
"denovo31518",0,0,0,0
"denovo32942",0,0,0,0
"denovo33114",0,0,0,0
"denovo33132",0,0,0,0
"denovo33133",0,0,0,0
"denovo33309",0,0,0,0
"denovo33465",0,0,0,0
"denovo33532",0,0,0,0
"denovo33611",0,0.0488710445753513,0,0
"denovo33875",0,0,0,0
"denovo33918",0,0,0,0
"denovo34013",0,0,0,0
"denovo34069",0,0,0,0
"denovo34312",0,0,0,0
"denovo34706",0,0,0,0
"denovo34917",0,0,0,0
"denovo35257",0,0,0,0
"denovo35294",0,0,0,0
"denovo35521",0,0,0,0
"denovo35570",0,0,0,0
"denovo36521",0,0,0,0
"denovo36545",0,0,0,0
"denovo36903",0,0,0,0
"denovo37043",0,0,0,0
"denovo37192",0,0,0,0
"denovo37295",0,0,0,0
"denovo37376",0,-0.315524029555412,0,0
"denovo37566",0,0,0,0
"denovo37727",0,0,0,0
"denovo37783",0,0,0,0
"denovo38298",0,0,0,0
"denovo38379",0,0,0,0
"denovo38753",0,0,0,0
"denovo38965",0,0,0,0
"denovo39002",0,0,0,0
"denovo39311",0,0,0,0
"denovo39462",0,0,0,0
"denovo39784",0,0,0,0
"denovo39868",0,0,0,0
"denovo39965",0,0,0,0
"denovo40056",0,0,0,0
"denovo40156",0,0,0,0
"denovo40665",0,0,0,0
"denovo41012",0,0,0,0
"denovo41355",0,0,0,0
"denovo41879",0,0,0,0
"denovo42261",0.00162290505015517,0,0,0
"denovo42531",0,0,0,0
"denovo42740",0,0,0,0
"denovo43097",0,0,0,0
"denovo43743",0,0,0,0
"denovo43942",0,0,0,0
"denovo44194",0,0,0,0
"denovo44274",0,0,0,0
"denovo44463",0,0,0,0
"denovo44613",0,0,0,0
"denovo44660",0,0,0,0
"denovo44773",0,0,0,0
"denovo44778",0,0,0,0
"denovo44854",0,0,0,0
"denovo45587",0,0,0,0
"denovo45646",0,0,0,0
"denovo45673",0,0,0,0
"denovo45850",0,0,0,0
"denovo46026",0,0,0,0
"denovo46070",0,0,0,0
"denovo46420",0,0,0,0
"denovo46469",0,0,0,0
"denovo46509",0,0,0,0
"denovo46992",0,0,0,0
"denovo46995",0.0917316376900964,-0.540291452048458,0,0
"denovo47392",0,0,0,0
"denovo47749",0,0,0,0
"denovo47760",0,0,0,0
"denovo47780",0,0,0,0
"denovo47803",0,0,0,0
"denovo47836",0,0,0,0
"denovo48111",0,0,0,0
"denovo48337",0,0,0,0
"denovo48503",0,0,0,0
"denovo48650",0,0,0,0
"denovo48830",0,0,0,0
"denovo48976",0,0,0,0
"denovo49380",0,0,0,0
"denovo49777",0,0,0,0
"denovo50444",0,0,0,0
"denovo50657",0,0,0,0
"denovo50705",0,0,0,0
"denovo50838",0,0,0,0
"denovo50927",0,0,0,0
"denovo51543",0,0,0,0
"denovo52037",0,0,0,0
"denovo52654",0,0,0,0
"denovo52780",0,0,0,0
"denovo53597",0,0,0,0
"denovo54019",0,0,0,0
"denovo54478",0,0,0,0
"denovo55233",0,0,0,0
"denovo55238",0,0,0,0
"denovo55407",0.0248657980070149,0,0,0
"denovo55499",0,0,0,0
"denovo55662",0,0,0,0
"denovo55739",0,0,0,0
"denovo56219",0.366946008565649,0,0,0
"denovo56320",0,0,0,0
"denovo56619",0,0,0,0
"denovo56909",0,0,0,0
"denovo56993",0.167311184276949,0,0,0
"denovo57462",0,0,0,0
"denovo57535",0,0,0,0
"denovo58217",0,0,0,0
"denovo58339",0,0,0,0
"denovo58438",0,0,0,0
"denovo58829",0,0,0,0
"denovo59174",0,0,0,0
"denovo59267",0,0,0,0
"denovo59378",0,0,0,0
"denovo59496",0,0,0,0
"denovo59712",0,0,0,0
"denovo59727",0,0,0,0
"denovo59777",0,0,0,0
"denovo60137",0,0,0,0
"denovo60189",0,0,0,0
"denovo60691",0,0,0,0
"denovo60770",0,0,0,0
"denovo60953",0,0,0,0
"denovo61012",0,0,0,0
"denovo61017",0,0,0,0
"denovo61057",0,0,0,0
"denovo61107",0,0,0,0
"denovo61216",0,0,0,0
"denovo61310",0,0,0,0
"denovo61456",0,0,0,0
"denovo61489",0,0,0,0
"denovo61500",0,0,0,0
"denovo61884",0,0,0,0
"denovo61989",0,0,0,0
"denovo62152",0,0,0,0
"denovo63050",0,0,0,0
"denovo63371",0,0,0,0
"denovo63426",0,0,0,0
"denovo63473",0,0,0,0
"denovo65047",0,0,0,0
"denovo65138",0,0,0,0
"denovo65313",0,0,0,0
"denovo65541",0,0,0,0
"denovo65592",0,0,0,0
"denovo66183",0,0,0,0
"denovo66206",0,0,0,0
"denovo66222",0,0,0,0
"denovo66337",0,0,0,0
"denovo66685",0,0,0,0
"denovo66804",0,0,0,0
"denovo66818",0,0,0,0
"denovo66992",0,0,0,0
"denovo67195",0,0,0,0
"denovo67390",0,0,0,0
"denovo67417",0,0,0,0
"denovo67668",0,0,0,0
"denovo67819",0,0,0,0
"denovo67952",0,0,1.81773653200264,0
"denovo68102",0,0,0,0
"denovo68442",0,0,0,0
"denovo68663",0,0,0,0
"denovo68972",0,0,0,0
"denovo69013",0,0,0,0
"denovo69411",0,0,0,0
"denovo69697",0,0,0,0
"denovo69951",0,0,0,0
"denovo70089",0,0,0,0
"denovo70193",0,0,0,0
"denovo70412",0,0,0,0
"denovo70758",0,0,0,0
"denovo70978",0,0,0,0
"denovo71119",0,0,0,0
"denovo71224",0,0,0,0
"denovo72325",0,0,0,0
"denovo72399",0,0,0,0
"denovo72637",0,0,0,0
"denovo72679",0,0,0,0
"denovo72791",0,0,0,0
"denovo72929",0,0,0,0
"denovo72980",0,0,0,0
"denovo73093",0,0,0,0
"denovo73317",0,0,0,0
"denovo73490",0,0,0,0
"denovo73624",0,0,0,0
"denovo73968",0,0,0,0
"denovo74009",0,0,0,0
"denovo74319",0,0,0,0
"denovo74517",0,0,0,0
"denovo74776",0,0,0,0
"denovo74956",0,0,0,0
"denovo75013",0,0,0,0
"denovo75578",0,0,0,0
"denovo75980",0,0,0,0
"denovo76061",0,0,0,0
"denovo76225",0,0,0,0
"denovo76362",0,0,0,0
"denovo76366",0,0,0,0
"denovo76433",0,0,0,0
"denovo76515",0,0,0,0
"denovo76775",0,0,0,0
"denovo76974",0,0,0,0
"denovo77087",0,0,0,0
"denovo77123",0,0,0,0
"denovo77492",0,0,0,0
"denovo77769",0,0,0,0
"denovo77832",0,0,0,0
"denovo77988",0.340858791476601,0,0,0
"denovo78135",0,0,0,0
"denovo78167",0,0,0,0
"denovo78318",0,0,0,0
"denovo78321",0,0,0,0
"denovo78468",0,0,0,0
"denovo78644",0,0,0,0
"denovo78706",0,0,0,0
"denovo79027",0,0,0,0
"denovo79558",0,0,0,0
"denovo79567",0,0,0,0
"denovo79862",0,0,0,0
"denovo79958",0,0,0,0
"denovo80093",0,0,0,0
"denovo80097",0,0,0,0
"denovo80508",0,0,0,0
"denovo80556",0,0,0,0
"denovo81123",0,0,0,0
"denovo81172",0,0,0,0
"denovo81442",0,0,0,0
"denovo81569",0,0,0,0
"denovo81832",0,0,0,0
"denovo82086",0,0,0,0
"denovo82118",0,0,0,0
"denovo82614",0,0,0,0
"denovo82645",0,0,0,0
"denovo82669",0,0,0,0
"denovo83036",0,0,0,0
"denovo83249",0,0,0,0
"denovo83268",0,0,0,0
"denovo83501",0,0,0,0
"denovo83535",0,0,0,0
"denovo83549",0,0,0,0
"denovo84043",0,0,0,0
"denovo84189",0,0,0,0
"denovo84302",0,0,0,0
"denovo84747",0,0,0,0
"denovo84836",0,0,0,0
"denovo85022",0,0,0,0
"denovo85074",0,0,0,0
"denovo85507",0,0,0,0
"denovo85568",0,0,0,0
"denovo85621",0,0,0,0
"denovo85828",0,0,0,0
"denovo85937",0,0,0,0
"denovo85981",0,0,0,0
"denovo86168",0,0,0,0
"denovo86767",0,0,0,0
"denovo86878",0,0,0,0
"denovo86964",0,0,0,0
"denovo87443",0,0,0,0
"denovo88191",0,0,0,0
"denovo88538",0,0,0,0
"denovo88864",0,0,0,0
"denovo88926",0,0,0,0
"denovo88998",0,0,0,0
"denovo89240",0,0,0,0
"denovo89556",0,0,0,0
"denovo89670",0,0,0,0
"denovo89680",0,0,0,0
"denovo89995",0,0,0,0
"denovo90125",0,0,0,0
"denovo91436",0,0,0,0
"denovo91505",0,0,0,0
"denovo91758",0,0,0,0
"denovo92255",0,0,0,0
"denovo92340",0,0,0,0
"denovo92522",0,0,0,0
"denovo92559",0,0,0,0
"denovo92649",0,0,0,0
"denovo92781",0,0,0,0
"denovo93061",0,0,0,0
"denovo93285",0,0,0,0
"denovo93853",0,0,0,0
"denovo94237",0,0,0,0
"denovo94392",0,0,0,0
"denovo94412",0,0,0,0
"denovo94668",0,0,0,0
"denovo94847",0,0,0,0
"denovo94853",0,0,0,0
"denovo94971",0,0,0,0
"denovo95183",0,0,0,0
"denovo95532",0,0,0,0
"denovo95557",0,0,0,0
"denovo95664",0,0,0,0
"denovo95983",0,0,0,0
"denovo96062",0,0,0,0
"denovo96070",0,0,0,0
"denovo96677",0,0,0,0
"denovo97168",0,0,0,0
"denovo97219",0,0,0,0
"denovo97293",0,0,0,0
"denovo97417",0,0,0,0
"denovo97498",0,0,0,0
"denovo98074",0,0,0,0
"denovo98307",0,0,0,0
"denovo98415",0,0,0,0
"denovo99200",0,0,0,0
"denovo99737",0,0,0,0
"denovo99909",0,0,0,0
"denovo100584",0,0,0,0
"denovo100821",0,0,0,0
"denovo100887",0,0,0,0
"denovo101081",0,0,0,0
"denovo101289",0,0,0,0
"denovo101946",0,0,0,0
"denovo102052",0,0,0,0
"denovo102200",0,0,0,0
"denovo102244",0,0,0,0
"denovo102336",0,0,0,0
"denovo103125",0,0,0,0
"denovo103202",0,0,0,0
"denovo103218",0,0,0,0
"denovo103373",0,0,0,0
"denovo103522",0,0,0,0
"denovo104164",0,0,0,0
"denovo104263",0,0,0,0
"denovo104611",0,0,0,0
"denovo105689",0,0,0,0
"denovo105822",0,0,0,0
"denovo105925",0,0,0,0
"denovo105941",0,0,0,0
"denovo106445",0,0,0,0
"denovo106612",0,0,0,0
"denovo106662",0,0,0,0
"denovo106677",0,0,0,0
"denovo107149",0,0,0,0
"denovo107753",0,0,0,0
"denovo108007",0,0,0,0
"denovo108262",0,0,0,0
"denovo108319",0,0,0,0.00488531021043516
"denovo108852",0,0,0,0
"denovo109166",0,0,0,0
"denovo109567",0,0,0,0
"denovo109753",0,0,0,0
"denovo109794",0,0,0,0
"denovo109800",0,0,0,0
"denovo109822",0,0,0,0
"denovo110022",0,0,0,0
"denovo110158",0,0,0,0
"denovo110583",0,0,0,0
"denovo110584",0,0,0,0
"denovo110683",0,0,0,0
"denovo111121",0,0,0,0
"denovo111684",0,0,0,0
"denovo112010",0,0,0,0
"denovo112233",0,0,0,0
"denovo112481",0,0,0,0
"denovo112648",0,0,0,0
"denovo112850",0,0,0,0
"denovo112894",0,0,0,0
"denovo113150",0,0,0,0
"denovo113684",0,0,0,0
"denovo113931",0,0,0,0
"denovo113977",0,0,0,0
"denovo114205",0,0,0,0
"denovo114876",0,0,0,0
"denovo114944",0,0,0,0
"denovo115312",0,0,0,0
"denovo115891",0,0,0,0
"denovo116024",0,0,0,0
"denovo116051",0,0,0,0
"denovo116516",0,0,0,0
"denovo116615",0,0,0,0
"denovo117119",0,0,0,0
"denovo117467",0,0,0,0
"denovo117850",0,0,0,0
"denovo117890",0,0,0,0
"denovo118354",0,0,0,0
"denovo118581",0,0,0,0
"denovo118708",0,0,0,0
"denovo119062",0,0,0,0
"denovo119855",0,0,0,0
"denovo119873",0,0,0,0
"denovo120130",0,0,0,0
"denovo120184",0,0,0,0
"denovo120213",0,0,0,0
"denovo120279",0,0,0,0
"denovo120332",0,0,0,0
"denovo120339",0,0,0,0
"denovo120444",0,0,0,0
"denovo120516",0,0,0,0
"denovo120989",0,0,0,0
"denovo121353",0,0,0,0
"denovo121933",0,0,0,0
"denovo121935",0,0,0,0
"denovo121976",0,0,0,0
"denovo122002",0,0,0,0
"denovo122028",0,0,0,0
"denovo122211",0,0,0,0
"denovo122313",0,0,0,0
"denovo122335",0,0,0,0
"denovo122798",0,0,0,0
"denovo123035",0,0,0,0
"denovo123066",0,0,0,0
"denovo123669",0,0,0,0
"denovo123719",0,0,0,0
"denovo123801",0,0,0,0
"denovo123846",0,0,0,0
"denovo124001",0,0,0,0
"denovo124448",0,0,0,0
"denovo124595",0,0,0,0
"denovo124720",0,0,0,0
"denovo124744",0,0,0,0
"denovo125206",0,0,0,0
"denovo125276",0,0,0,0
"denovo125463",0,0,0,0
"denovo125753",0,0,0,0
"denovo125901",0,0,0,0
"denovo125996",0,0,0,0
"denovo126130",0.120606802841691,0,0,0
"denovo126439",0,0,0,0
"denovo127316",0,0,0,0
"denovo127336",0,0,0,0
"denovo127666",0,0,0,0
"denovo127838",0,0,0,0
"denovo127839",0,0,0,0
"denovo127843",0,0,0,0
"denovo128304",0,0,0,0
"denovo128593",0,0,0,0
"denovo128825",0,0,0,0
"denovo128840",0,0,0,0
"denovo129690",0,0,0,0
"denovo129897",0,0,0,0
"denovo129957",0,0,0,0
"denovo130257",0,0,0,0
"denovo130570",0,0,0,0
"denovo130985",0,0,0,0
"denovo131403",0,0,0,0
"denovo131490",0,0,0,0
"denovo131590",0,0,0,0
"denovo132171",0,0,0,0
"denovo132590",0,0,0,0
"denovo132784",0,0,0,0
"denovo132904",0,0,0,0
"denovo133052",0,0,0,0
"denovo133078",0,0,0,0
"denovo133334",0,0,0,0
"denovo133347",0,0,0,0
"denovo134242",0,0,0,0
"denovo135010",0,0,0,0
"denovo135162",0,0,0,0
"denovo135323",0,0,0,0
"denovo135726",0,0,0,0
"denovo135895",0,0,0,0
"denovo136037",0,0,0,0
"denovo136562",0,0,0,0
"denovo136977",0,0,0,0
"denovo137092",0,0,0,0
"denovo137179",0,0,0,0
"denovo137446",0,0,0,0
"denovo137577",0,0,0,0
"denovo138595",0,0,0,0
"denovo138699",0,0,0,0
"denovo138755",0,0,0,0
"denovo139150",0,0,0,0
"denovo139197",0,0,0,0
"denovo139699",0,0.543847020570316,0,0
"denovo139851",0,0,0,0
"denovo139860",0,0,0,0
"denovo139927",0,0,0,0
"denovo140111",0,0,0,0
"denovo140303",0,0,0.0118726299481201,0
"denovo140359",0,0,0,0
"denovo140485",0,0,0,0
"denovo141133",0,0,0,0
"denovo141276",0,0,0,0
"denovo141360",0,0,0,0
"denovo141480",0,0,0,0
"denovo141587",0,0,0,0
"denovo141855",0,0,0,0
"denovo142062",0,0,0,0
"denovo142196",0,0,0,0
"denovo142707",0,0,0,0
"denovo143099",0,0,0,0
"denovo143469",0,0,0,0
"denovo143525",0,0,0,0
"denovo143718",0,0,0,0
"denovo143891",0,0,0,0
"denovo143916",0,0,0,0
"denovo143972",0,0,0,0
"denovo144260",0,0,0,0
"denovo144342",0,0,0,0
"denovo144535",0,0,0,0
"denovo145103",0,0,0,0
"denovo145435",0,0,0,0
"denovo145561",0,0,0,0
"denovo145648",0,0,0,0
"denovo145855",0,0,0,0
"denovo146373",0,0,0,0
"denovo146377",0,0,0,0
"denovo146544",0,0,0,0
"denovo146710",0,0,0,0
"denovo146755",0,0,0,0
"denovo147609",0,0,0,0
"denovo147919",0,0,0,0
"denovo148133",0,0,0,0
"denovo148244",0,0,0,0
"denovo148715",0,0,0,0
"denovo148852",0,0,0,0
"denovo149064",0,0,0,0
"denovo149146",0,0,0,0
"denovo149149",0,0,0,0
"denovo149354",0,0,0,0
"denovo149374",0,0,0,0
"denovo149382",0,0,0,0
"denovo149476",0,0,0,0
"denovo150461",0,0,0,0
"denovo150671",0,0,0,0
"denovo151808",0,0,0,0
"denovo151894",0,0,0,0
"denovo152262",0,0,0,0
"denovo152800",0,0,0,0
"denovo153397",0,0,0,0
"denovo153564",0,0,0,0
"denovo153567",0,0,0,0
"denovo153664",0,0,0,0
"denovo153777",0,0,0,0
"denovo153943",0,0,0,0
"denovo153946",0,0,0,0
"denovo154236",0,0,0,0
"denovo154288",0,0,0,0
"denovo154421",0,0,0,0
"denovo154474",0,0,0,0
"denovo154560",0,0,0,0
"denovo154829",0,0,0,0
"denovo154994",0,0,0,0
"denovo155566",0,0,0,0
"denovo156098",0,0,0,0
"denovo156157",0,0,0,0
"denovo156229",0,0,0,0
"denovo156537",0,0,0,0
"denovo156933",0,0,0,0
"denovo157038",0,0,0,0
"denovo157050",0,0,0,0
"denovo157237",0,0,0,0
"denovo157583",0,0,0,0
"denovo157670",0,0.167043198951782,0,0
"denovo157836",0,0,0,0
"denovo157861",0,0,0,0
"denovo158278",0,0,0,0
"denovo158915",0,0,0,0
"denovo159220",0,0,0,0
"denovo159374",0,0,0,0
"denovo159417",0,0,0,0
"denovo159516",0,0,0,0
"denovo160622",0,0,0,0
"denovo160924",0,0,0,0
"denovo161163",0,0,0,0
"denovo161250",0,0,0,0
"denovo161511",0,0,0,0
"denovo161519",0,0,0,0
"denovo161538",0,0,0,0
"denovo161710",0,0,0,0
"denovo162043",0,0,0,0
"denovo162122",0,0,0,0
"denovo162447",0,0,0,0
"denovo162851",0,0,0,0
"denovo163137",0,0,0,0
"denovo163170",0,0,0,0
"denovo163693",0,0,0,0
"denovo163800",0,0,0,0
"denovo164227",0,0,0,0
"denovo164455",0,0,0,0
"denovo164571",0,-0.13911853695801,0,0
"denovo164693",0,0,0,0
"denovo164784",0,0,0,0
"denovo164847",0,0,0,0
"denovo165071",0,0,0,0
"denovo165181",0,0,0,0
"denovo165725",0,0,0,0
"denovo165986",0,0,0,0
"denovo166026",0,0,0,0
"denovo166165",0,0,0,0
"denovo166206",0,0,0,0
"denovo166387",0,0,0,0
"denovo166400",0,0,0,0
"denovo167244",0,0,0,0
"denovo167404",0,0,0,0
"denovo167447",0,0,0,0
"denovo167683",0,0,0,0
"denovo167934",0,0,0,0
"denovo167969",0,0,0,0
"denovo168023",0,0,0,0
"denovo168280",0,0,0,0
"denovo168839",0,0,0,0
"denovo169076",0,0,0,0
"denovo169315",0,0,0,0
"denovo169872",0,0,0,0
"denovo170279",0,0,0,0
"denovo170295",0,0,0,0
"denovo170309",0,0,0,0
"denovo170485",0,0,0,0
"denovo170517",0,0,0,0
"denovo170581",0,0.102938688883893,0,0
"denovo170709",0,0,0,0
"denovo171060",0,0,0,0
"denovo171103",0,0,0,0
"denovo171294",0,0,0,0
"denovo171940",0,0,0,0
"denovo172180",0,0,0,0
"denovo173049",0,0,0,0
"denovo173083",0,0,0,0
"denovo173389",0,0,0,0
"denovo173475",0,0,0,0
"denovo173517",0,0,0,0
"denovo173927",0,0,0,0
"denovo175129",0,0,0,0
"denovo175382",0,0,0,0
"denovo175608",0,0,0,0
"denovo176530",0,0,0,0
"denovo177712",0,0,0,0
"denovo178021",0,0,0,0
"denovo178164",0,0,0,0
"denovo178672",0,0,0,0
"denovo179058",0,0,0,0
"denovo179253",0,0,0,0
"denovo179268",0,0,0,0
"denovo179333",0,0,0,0
"denovo179546",0,0,0,0
"denovo179581",0,0,0,0
"denovo179791",0,0,0,0
"denovo180862",0,0,0,0
"denovo181341",0,0,0,0
"denovo181532",0,0,0,0
"denovo181643",0,0,0,0
"denovo181881",0,0,0,0
"denovo182029",0,0,0,0
"denovo182218",0,0,0,0
"denovo182235",0,0,0,0
"denovo182416",0,0,0,0
"denovo182422",0,0,0,0
"denovo182514",0,0,0,0
"denovo182852",0,0,0,0
"denovo182997",0,0,0,0
"denovo183175",0,-0.328037226332444,0,0
"denovo183431",0,0,0,0
"denovo183595",0,0,0,0
"denovo183793",0,0,0,0
"denovo184196",0,0,0,0
"denovo185053",0,0,0,0
"denovo185196",0,0,0,0
"denovo185353",0,0,0,0
"denovo185919",0,0,0,0
"denovo186038",0,0,0,0
"denovo186086",0,0,0,0
"denovo187037",0,0,0,0
"denovo187134",0,0,0,0
"denovo187230",0,0,0,0
"denovo187817",0,0,0,0
"denovo188129",0,0,0,0
"denovo188461",0,0,0,0
"denovo189673",0,0,0,0
"denovo189872",0,0,0,0
"denovo190392",0,0,0,0
"denovo190490",0,0,0,0
"denovo190532",0,0,0,0
"denovo190893",0,0,0,0
"denovo191237",0,0,0,0
"denovo191269",0,0,0,0
"denovo191377",0,0,0,0
"denovo191408",0,0,0,0
"denovo191454",0,0,0,0
"denovo191722",0,0,0,0
"denovo191988",0,0,0,0
"denovo192266",0,0,0,0
"denovo192431",0,0,0,0
"denovo192485",0,0,0,0
"denovo192636",0,0,0,0
"denovo192637",0,0,0,0
"denovo192930",0,0,0,0
"denovo193127",0,0,0,0
"denovo193218",0,0,0,0
"denovo193483",0,0,0,0
"denovo193633",0,0,0,0
"denovo194122",0,0,0,0
"denovo194269",0,0,0,0
"denovo195119",0,0,0,0
"denovo195703",0,0,0,0
"denovo195802",0,0,0,0
"denovo196789",0,0,0,0
"denovo197010",0,0,0,0
"denovo197344",0,0,0,0
"denovo197615",0,0,0,0
"denovo197833",0,0,0,0
"denovo198384",0,0,0,0
"denovo198402",0,0,0,0
"denovo198980",0,0,0,0
"denovo199083",0,0,0,0
"denovo199207",0,0,0,0
"denovo199434",0,0,0,0
"denovo200089",0,0,0,0
"denovo200234",0,0,0,0
"denovo200338",0.185728450952896,0,0,0
"denovo200769",0,0,0,0
"denovo201509",0,0,0,0
"denovo201793",0,0,0,0
"denovo202932",0,0,0,0
"denovo203412",0,0,0,0
"denovo203874",0,0,0,0
"denovo203991",0,0,0,0
"denovo204952",0,0,0,0
"denovo205759",0,0,0,0
"denovo206185",0,0,0,0
"denovo206433",0,0,0,0
"denovo206725",0,0,0,0
"denovo207762",0,0,0,0
"denovo207957",0,0,0,0
"denovo208121",0,0,0,0
"denovo208521",0,0,0,0
"denovo208731",0,0,0,0
"denovo208981",0,0,0,0
"denovo209223",0,0,0,0
"denovo209570",0,0,0,0
"denovo210032",0,0,0,0
"denovo210702",0,0,0,0
"denovo210940",0,0,0,0
"denovo211190",0,0,0,0
"denovo211407",0,0,0,0
"denovo211496",0,0,0,0
"denovo212154",0,0,0,0
"denovo212164",0,0,0,0
"denovo212258",0,0,0,0
"denovo212442",0,0,0,0
"denovo212549",0,0,0,0
"denovo212755",0,0,0,0
"denovo212772",0,0,0,0
"denovo212965",0,0,0,0
"denovo213072",0,0,0,0
"denovo213851",0,0,0,0
"denovo213973",0,0,0,0
"denovo214091",0,0,0,0
"denovo214750",0,0,0,0
"denovo215270",0,0,0,0
"denovo215612",0,0,0,0
"denovo216199",0,0,0,0
"denovo216230",0,0,0,0
"denovo216533",0,0,0,0
"denovo216619",0,0,0,0
"denovo216636",0,0,0,0
"denovo216822",0,0,0,0
"denovo217698",0,0,0,0
"denovo218171",0,0,0,0
"denovo218817",0,0,0,0
"denovo218838",0,0,0,0
"denovo218913",0,0,0,0
"denovo218940",0,0,0,0
"denovo219064",0,0,0,0
"denovo219423",0,0,0,0
"denovo220181",0,0,0,0
"denovo220257",0,0,0,0
"denovo220945",0,0,0,0
"denovo221802",0,0,0,0
"denovo221989",0,0,0,0
"denovo222123",0.0112003041957824,0,0,0
"denovo222193",0,0,0,0
"denovo222238",0,0,0,0
"denovo222250",0,0,0,0
"denovo222329",0,0,0,0
"denovo222397",0,0,0,0
"denovo222668",0,0,0,0
"denovo223904",0,0,0,0
"denovo224013",0,0,0,0
"denovo225225",0,0,0,0
"denovo225378",0,0,0,0
"denovo225570",0,0,0,0
"denovo225998",0,0,0,0
"denovo226498",0,0,0,0
"denovo226534",0,0,0,0
"denovo226642",0,0,0,0
"denovo226643",0,0,0,0
"denovo226726",0,0,0,0
"denovo226835",0,0,0,0
"denovo227164",0,0,0,0
"denovo227237",0,0,0,0
"denovo227333",0,0,0,0
"denovo227694",0,0,0,0
"denovo227740",0,0,0,0
"denovo228317",0,0,0,0
"denovo228782",0,0,0,0
"denovo228827",0,0,0,0
"denovo228837",0,0,0,0
"denovo229510",0,0,0,0
"denovo229524",0,0,0,0
"denovo229652",0,0,0,0
"denovo229706",0,0,0,0
"denovo229871",0,0,0,0
"denovo229943",0,0,0,0
"denovo230159",0,0,0,0
"Age:Weight_StatusNormal Weight",0.167126951095693,-0.0569349701475238,-0.235857339422592,0.125665358474423
"Age:Weight_StatusOverweight",0.163340711318492,-0.0222076273373833,-0.243296111355928,0.102163027374819
"Age:Weight_StatusObese",0.194698967279407,-0.0979755225319096,-0.256007241163892,0.159283796416394
"Age:Weight_StatusSevere Obesity",-0.594163813745573,-0.724843665884942,1.95080619526089,-0.631798715630371
"Age:Weight_StatusMorbid Obesity",0.147093957778924,-0.0706234222573899,-0.639091723316307,0.562621187794773
"Age:Weight_StatusSuper Obese",-0.267313374685985,1.23914165647292,-1.77294689084005,0.801118609053118
